<?xml version="1.0" encoding="UTF-8"?>
<!DOCTYPE plist PUBLIC "-//Apple//DTD PLIST 1.0//EN" "https://www.apple.com/DTDs/PropertyList-1.0.dtd">
<plist version="1.0">
    <dict>
        <key>com.apple.security.app-sandbox</key>
        <true/>
        <key>com.apple.security.assets.pictures.read-only</key>
        <true/>
        <key>com.apple.security.files.downloads.read-write</key>
        <true/>
        <key>com.apple.security.files.user-selected.read-write</key>
        <true/>
        <key>com.apple.security.network.client</key>
        <true/>
    </dict>
</plist>